{
    "HUFL": {
        "MAE": 3.466615676879883,
        "MSE": 27.796396255493164,
        "RMSE": 5.272228717803955,
        "MAPE": 182908.90625
    },
    "HULL": {
        "MAE": 0.7135540246963501,
        "MSE": 0.9119419455528259,
        "RMSE": 0.9549565315246582,
        "MAPE": 0.2946871221065521
    },
    "MUFL": {
        "MAE": 3.2651517391204834,
        "MSE": 26.06247329711914,
        "RMSE": 5.105141639709473,
        "MAPE": 1.1752667427062988
    },
    "MULL": {
        "MAE": 0.5785529017448425,
        "MSE": 0.6308914422988892,
        "RMSE": 0.7942867279052734,
        "MAPE": 108338.34375
    },
    "LUFL": {
        "MAE": 0.5176955461502075,
        "MSE": 0.5333657264709473,
        "RMSE": 0.7303189039230347,
        "MAPE": 8075.16552734375
    },
    "LULL": {
        "MAE": 0.17078304290771484,
        "MSE": 0.049958422780036926,
        "RMSE": 0.22351381182670593,
        "MAPE": 11799.982421875
    },
    "OT": {
        "MAE": 1.6747193336486816,
        "MSE": 4.838071346282959,
        "RMSE": 2.199561595916748,
        "MAPE": 560664.9375
    }
}