{
    "HUFL": {
        "MAE": 3.4447672367095947,
        "MSE": 27.390459060668945,
        "RMSE": 5.2335896492004395,
        "MAPE": 192035.046875
    },
    "HULL": {
        "MAE": 0.7140902876853943,
        "MSE": 0.9098452925682068,
        "RMSE": 0.9538581371307373,
        "MAPE": 0.29575079679489136
    },
    "MUFL": {
        "MAE": 3.2555150985717773,
        "MSE": 25.685678482055664,
        "RMSE": 5.068104267120361,
        "MAPE": 1.1577882766723633
    },
    "MULL": {
        "MAE": 0.5783736109733582,
        "MSE": 0.6295098066329956,
        "RMSE": 0.7934165596961975,
        "MAPE": 106321.6484375
    },
    "LUFL": {
        "MAE": 0.5176666975021362,
        "MSE": 0.5345578789710999,
        "RMSE": 0.7311346530914307,
        "MAPE": 7793.3798828125
    },
    "LULL": {
        "MAE": 0.16954341530799866,
        "MSE": 0.04904450103640556,
        "RMSE": 0.22145992517471313,
        "MAPE": 12289.4521484375
    },
    "OT": {
        "MAE": 1.6757707595825195,
        "MSE": 4.848445892333984,
        "RMSE": 2.201918601989746,
        "MAPE": 567955.5
    }
}